INSERT INTO projects (id, area, leader, name, status, progress, created_at, encargado) VALUES (3, 'EOR', 'German Hincapié', 'Dashboard de employer of record ', 'En Progreso', 90, '2026-02-23 18:35:26', 'Cristian');
INSERT INTO projects (id, area, leader, name, status, progress, created_at, encargado) VALUES (4, 'Gestión Humana', 'Luisa Díaz', 'Cumpleaños S&P', 'Finalizado', 50, '2026-02-23 18:37:00', 'Cristian');
INSERT INTO projects (id, area, leader, name, status, progress, created_at, encargado) VALUES (5, 'Gestión Humana', 'Luisa Díaz', 'Aplicativo Inducción', 'Finalizado', 40, '2026-02-23 19:00:16', 'Fernando/Cristian');
INSERT INTO projects (id, area, leader, name, status, progress, created_at, encargado) VALUES (6, 'Automatización', 'N/A', 'Vídeo de Orden', 'En Progreso', 100, '2026-02-24 13:57:06', 'Fernando');
INSERT INTO projects (id, area, leader, name, status, progress, created_at, encargado) VALUES (7, 'EOR', 'German Hincapié', 'Reunión Nueva con EOR', 'En Progreso', 100, '2026-02-24 13:59:55', 'Fernando');
INSERT INTO projects (id, area, leader, name, status, progress, created_at, encargado) VALUES (8, 'EOR', 'German Hincapié', 'Validar generación de reporte WR - EOR', 'En Progreso', 0, '2026-02-24 14:01:44', 'Cristian');
INSERT INTO projects (id, area, leader, name, status, progress, created_at, encargado) VALUES (9, 'Outsourcing de Tesorería', 'Alfonso Fonseca', 'Automatización planillas AFC ODT', 'Finalizado', 0, '2026-02-24 14:19:45', 'Cristian');
INSERT INTO projects (id, area, leader, name, status, progress, created_at, encargado) VALUES (10, 'Automatización', 'N/A', 'Firma Documental', 'En Progreso', 0, '2026-02-24 14:20:30', 'Cristian');
INSERT INTO projects (id, area, leader, name, status, progress, created_at, encargado) VALUES (11, 'Automatización', 'N/A', 'App Semanal', 'En Progreso', 0, '2026-02-24 14:23:27', 'Fernando');
INSERT INTO projects (id, area, leader, name, status, progress, created_at, encargado) VALUES (12, 'Outsourcing de Nómina', 'William Romero', 'Calendario WR', 'En Progreso', 0, '2026-02-24 14:33:57', 'Fernando');
INSERT INTO projects (id, area, leader, name, status, progress, created_at, encargado) VALUES (13, 'HL', 'Giovanna Guio', 'Seguimiento HL', 'En Progreso', 0, '2026-02-24 14:34:18', 'Fernando');
INSERT INTO projects (id, area, leader, name, status, progress, created_at, encargado) VALUES (14, 'Administración de Personal', 'Jennifer Cervantes', 'Hacer seguimiento de solicitudes', 'Finalizado', 0, '2026-02-24 14:34:56', 'Cristian');
INSERT INTO projects (id, area, leader, name, status, progress, created_at, encargado) VALUES (15, 'Gestión del Conocimiento', 'Luisa Díaz', 'Gestión del conocimiento agente universo S&P', 'En Progreso', 0, '2026-02-24 14:35:22', 'Cristian');
INSERT INTO projects (id, area, leader, name, status, progress, created_at, encargado) VALUES (16, 'Outsourcing de Nómina', 'William Romero', 'Certificados aportes en línea', 'En Progreso', 0, '2026-02-24 14:35:42', 'Fernando');
INSERT INTO projects (id, area, leader, name, status, progress, created_at, encargado) VALUES (17, 'Automatización', 'N/A', 'Presentación proveedor servicios Microsoft', 'En Progreso', 0, '2026-02-24 14:36:00', 'Fernando/Cristian');
INSERT INTO projects (id, area, leader, name, status, progress, created_at, encargado) VALUES (18, 'Automatización', 'N/A', 'Capacitación Mi Copilot y yo', 'En Progreso', 0, '2026-02-24 14:36:15', 'Todos');
INSERT INTO projects (id, area, leader, name, status, progress, created_at, encargado) VALUES (19, 'Punto Medical', 'N/A', 'Automatización PM / Despachos', 'Finalizado', 0, '2026-02-24 14:36:42', 'Fernando/Cristian');
INSERT INTO projects (id, area, leader, name, status, progress, created_at, encargado) VALUES (20, 'HL', 'Giovanna Guio', 'Bases de datos contratos/Hojas de vida', 'En Progreso', 0, '2026-02-24 14:37:06', 'Fernando');
INSERT INTO projects (id, area, leader, name, status, progress, created_at, encargado) VALUES (21, 'EOR', 'German Hincapié', 'Transformar PDF''s', 'Finalizado', 0, '2026-02-24 14:37:22', 'Cristian');
INSERT INTO projects (id, area, leader, name, status, progress, created_at, encargado) VALUES (22, 'Administración de Personal', 'Jennifer Cervantes', 'Reunión con Administración de personal', 'En Progreso', 0, '2026-02-24 14:38:01', 'N/A');
INSERT INTO projects (id, area, leader, name, status, progress, created_at, encargado) VALUES (23, 'EOR', 'German Hincapié', 'Subir comprobantes de pago a Remofirst de manera masiva', 'En Progreso', 0, '2026-02-24 14:38:48', 'Cristian');
INSERT INTO projects (id, area, leader, name, status, progress, created_at, encargado) VALUES (24, 'Gestión Humana', 'Luisa Díaz', 'Cumpleaños hijos de trabajadores S&P', 'En Progreso', 0, '2026-02-24 14:39:29', 'Cristian');
INSERT INTO projects (id, area, leader, name, status, progress, created_at, encargado) VALUES (25, 'Punto Medical', 'Brayan Pardo', 'Automatización Descuentos', 'En Pruebas', 0, '2026-02-24 14:40:37', 'Juan');
INSERT INTO projects (id, area, leader, name, status, progress, created_at, encargado) VALUES (26, 'Punto Medical', 'Brayan Pardo', 'Renombrar y Dividir PDF''s', 'Finalizado', 0, '2026-02-24 14:41:03', 'Cristian');
INSERT INTO projects (id, area, leader, name, status, progress, created_at, encargado) VALUES (27, 'Punto Medical', 'Brayan Pardo', 'Arqueo Caja', 'En Progreso', 0, '2026-02-24 14:41:21', 'Juan');
INSERT INTO projects (id, area, leader, name, status, progress, created_at, encargado) VALUES (28, 'Punto Medical', 'Brayan Pardo', 'Caja Menor', 'En Progreso', 0, '2026-02-24 14:41:31', 'Juan');
INSERT INTO projects (id, area, leader, name, status, progress, created_at, encargado) VALUES (29, 'HL', 'Giovanna Guio/Laura', 'Solicitud exámenes médicos nuevo personal', 'Finalizado', 0, '2026-02-24 14:43:10', 'Cristian');
INSERT INTO projects (id, area, leader, name, status, progress, created_at, encargado) VALUES (30, 'HL', 'Giovanna Guio', 'Libra', 'Finalizado', 0, '2026-02-24 14:43:29', 'Cristian');
INSERT INTO projects (id, area, leader, name, status, progress, created_at, encargado) VALUES (31, 'HL', 'Giovanna Guio', 'Documentos Contratación', 'Finalizado', 0, '2026-02-24 14:43:57', 'N/A');
INSERT INTO projects (id, area, leader, name, status, progress, created_at, encargado) VALUES (32, 'HL', 'Giovanna Guio', 'Procesos Disciplinarios', 'Finalizado', 0, '2026-02-24 14:44:12', 'N/A');
INSERT INTO projects (id, area, leader, name, status, progress, created_at, encargado) VALUES (33, 'HL', 'Rocio Guacaneme', 'Procesos Nómina', 'Finalizado', 0, '2026-02-24 14:44:35', 'N/A');
INSERT INTO projects (id, area, leader, name, status, progress, created_at, encargado) VALUES (34, 'Administración de Personal', 'Jennifer Cervantes', 'Facturas proveedores y centro de costos', 'Finalizado', 0, '2026-02-24 14:45:05', 'Cristian');
INSERT INTO projects (id, area, leader, name, status, progress, created_at, encargado) VALUES (35, 'Administración de Personal', 'Jennifer Cervantes', 'Renombrar documentos varios del personal', 'Finalizado', 0, '2026-02-24 14:45:24', 'Cristian');
INSERT INTO projects (id, area, leader, name, status, progress, created_at, encargado) VALUES (36, 'Administración de Personal', 'Jennifer Cervantes', 'Contratos', 'En Progreso', 0, '2026-02-24 14:45:37', 'Cristian');
INSERT INTO projects (id, area, leader, name, status, progress, created_at, encargado) VALUES (37, 'Administración de Personal', 'Jennifer Cervantes', 'Control incapacidades', 'En Progreso', 0, '2026-02-24 14:45:49', 'Cristian');
INSERT INTO projects (id, area, leader, name, status, progress, created_at, encargado) VALUES (38, 'Administración de Personal', 'Jennifer Cervantes', 'Informe Incapacidades', 'Finalizado', 0, '2026-02-24 14:46:02', 'N/A');
INSERT INTO projects (id, area, leader, name, status, progress, created_at, encargado) VALUES (39, 'Gestión Administrativa y Financiera', 'Yuly Peña', 'Facturación Plano', 'En Progreso', 0, '2026-02-24 14:46:32', 'Cristian');
INSERT INTO projects (id, area, leader, name, status, progress, created_at, encargado) VALUES (40, 'Gestión Administrativa y Financiera', 'Yuly Peña', 'Formatos solicitud recursos', 'Finalizado', 0, '2026-02-24 14:46:51', 'Fernando');
INSERT INTO projects (id, area, leader, name, status, progress, created_at, encargado) VALUES (41, 'Gestión Administrativa y Financiera', 'Yuly Peña', 'Formularios Proveedores', 'Finalizado', 0, '2026-02-24 14:47:07', 'N/A');
INSERT INTO projects (id, area, leader, name, status, progress, created_at, encargado) VALUES (42, 'Nómina', 'William Romero', 'Formato DIAN', 'En Progreso', 0, '2026-02-24 14:47:30', 'Cristian');
INSERT INTO projects (id, area, leader, name, status, progress, created_at, encargado) VALUES (43, 'Gestión Integral', 'Lina Guio', 'Aplicativo interactivo análisis y documentación Acciones de Mejora', 'Finalizado', 0, '2026-02-24 14:48:06', 'Cristian');
INSERT INTO projects (id, area, leader, name, status, progress, created_at, encargado) VALUES (44, 'Gestión Integral', 'Lina Guio', 'Trazabilidad de los procesos de nomina', 'En Progreso', 0, '2026-02-24 14:48:21', 'Fernando/Cristian');
INSERT INTO projects (id, area, leader, name, status, progress, created_at, encargado) VALUES (45, 'Gestión Integral', 'Ingrid Pineda', 'Sistema de Notificaciones', 'En Progreso', 0, '2026-02-24 14:48:46', 'N/A');
INSERT INTO projects (id, area, leader, name, status, progress, created_at, encargado) VALUES (46, 'Gestión Integral', 'Ingrid Pineda', 'Votaciones', 'En Progreso', 0, '2026-02-24 14:49:08', 'Cristian');
INSERT INTO projects (id, area, leader, name, status, progress, created_at, encargado) VALUES (47, 'Automatización', 'William Romero', 'Plataforma de Indicadores/Tickets', 'En Progreso', 0, '2026-02-24 14:49:26', 'Juan');
INSERT INTO projects (id, area, leader, name, status, progress, created_at, encargado) VALUES (48, 'General', 'N/A', 'Cotizar Office', 'En Progreso', 0, '2026-02-24 14:50:04', 'N/A');
INSERT INTO projects (id, area, leader, name, status, progress, created_at, encargado) VALUES (49, 'ODT', 'N/A', 'Transformar PDF''s para ODT', 'En Progreso', 0, '2026-02-24 14:50:26', 'N/A');
INSERT INTO projects (id, area, leader, name, status, progress, created_at, encargado) VALUES (50, '¿Sabías Que?', 'N/A', 'Compartir mejoras implementadas', 'En Progreso', 0, '2026-02-24 14:51:04', 'Fernando');
INSERT INTO projects (id, area, leader, name, status, progress, created_at, encargado) VALUES (51, 'Automatización', 'N/A', 'Memorias código programación - correo registrado en las apps', 'En Progreso', 0, '2026-02-24 14:51:19', 'N/A');
INSERT INTO projects (id, area, leader, name, status, progress, created_at, encargado) VALUES (52, 'Calidad', 'Lina Guio', 'Inducción', 'Finalizado', 0, '2026-02-24 15:47:28', 'Cristian');
INSERT INTO projects (id, area, leader, name, status, progress, created_at, encargado) VALUES (53, 'Gestión Administrativa y Financiera', 'Viviana Guzmán', 'Formularios Proveedores Anual', 'Finalizado', 0, '2026-02-24 15:51:48', 'Cristian');
INSERT INTO projects (id, area, leader, name, status, progress, created_at, encargado) VALUES (54, 'Calidad', 'Lina Guio', 'Recordatorio Vencimiento Exámenes Periódicos', 'Finalizado', 0, '2026-02-24 15:53:28', 'N/A');
INSERT INTO projects (id, area, leader, name, status, progress, created_at, encargado) VALUES (55, 'Calidad', 'Lina Guio', 'Generación de Cartas de Recomendaciones Médicas', 'Finalizado', 0, '2026-02-24 15:53:59', 'N/A');
INSERT INTO projects (id, area, leader, name, status, progress, created_at, encargado) VALUES (56, 'HL', 'Lina Guio', 'Prórrogas HL', 'Finalizado', 0, '2026-02-24 16:09:17', 'Cristian');
INSERT INTO projects (id, area, leader, name, status, progress, created_at, encargado) VALUES (57, 'Gestión Administrativa y Financiera', 'Líderes', 'Formularios Proveedores Líderes', 'Finalizado', 0, '2026-02-24 16:24:31', 'N/A');
INSERT INTO advances (id, project_id, description, date, created_at, progress) VALUES (5, 3, 'Se va subir en línea, crear la base de almacenamiento - Cambiar estados', '2025-08-04', '2026-02-23 19:01:01', 10);
INSERT INTO advances (id, project_id, description, date, created_at, progress) VALUES (6, 3, 'Ya se avanzó en la creación de tickets/inicio sesión.
', '2025-08-19', '2026-02-23 19:01:35', 20);
INSERT INTO advances (id, project_id, description, date, created_at, progress) VALUES (7, 3, 'Se estan creando las áreas', '2025-08-25', '2026-02-23 19:01:50', 30);
INSERT INTO advances (id, project_id, description, date, created_at, progress) VALUES (8, 3, 'Falta actualizar 2 cosas:
Direccionamiento a áreas
Peticiones
Se debe preparar vídeo de ejecución exitosa.
Falta subirla, no genera costo.', '2025-09-01', '2026-02-23 19:02:07', 40);
INSERT INTO advances (id, project_id, description, date, created_at, progress) VALUES (9, 3, 'Agregar función agregar datos, crear usuarios por empresa -cliente-.', '2025-09-08', '2026-02-23 19:02:32', 50);
INSERT INTO advances (id, project_id, description, date, created_at, progress) VALUES (10, 3, 'Se ha parametrizado mejor la herramienta. Falta incluir opción de adjuntos y darle branding', '2025-09-15', '2026-02-23 19:02:49', 60);
INSERT INTO advances (id, project_id, description, date, created_at, progress) VALUES (11, 3, 'Ya se implementó función adjuntar archivos, y se le aplicó el Branding de la compañía. 
USD25 mensual vale base de datos para almacenamiento, se validará con el proveedor del espacio donde está actualmente la herramienta de indicadores.', '2025-09-22', '2026-02-23 19:03:14', 70);
INSERT INTO advances (id, project_id, description, date, created_at, progress) VALUES (12, 3, 'Ya se habló con el administrador actual de la página (JOSE) y los niveles de seguridad.
', '2025-10-06', '2026-02-23 19:03:31', 80);
INSERT INTO advances (id, project_id, description, date, created_at, progress) VALUES (13, 3, 'Terminado en 1 día dependiendo de cambios/actualizaciones. 
Y determinar servidor de ejecución.', '2025-10-07', '2026-02-23 19:04:01', 90);
INSERT INTO advances (id, project_id, description, date, created_at, progress) VALUES (14, 5, 'Se está trabajando en la estructura inicial falta validar con Luisa la información a montar, mañana 5 se reunen con Luisa.', '2025-08-04', '2026-02-23 19:04:37', 10);
INSERT INTO advances (id, project_id, description, date, created_at, progress) VALUES (15, 5, 'Pendiente Luisa remita info.', '2025-08-19', '2026-02-23 19:04:59', 20);
INSERT INTO advances (id, project_id, description, date, created_at, progress) VALUES (16, 5, 'Pendiente Luisa remita info.', '2025-08-25', '2026-02-23 19:05:13', 20);
INSERT INTO advances (id, project_id, description, date, created_at, progress) VALUES (17, 5, 'Pendiente Luisa remita info.
Se está editando el ambiente de la herramienta', '2025-09-01', '2026-02-23 19:05:34', 40);
INSERT INTO advances (id, project_id, description, date, created_at, progress) VALUES (18, 5, 'Pendiente Luisa remita info.
Se está editando el ambiente de la herramienta', '2025-09-08', '2026-02-23 19:05:50', 40);
INSERT INTO advances (id, project_id, description, date, created_at, progress) VALUES (19, 5, 'Ya se está alimentando la herramienta con información...', '2025-09-15', '2026-02-23 19:06:16', 60);
INSERT INTO advances (id, project_id, description, date, created_at, progress) VALUES (20, 5, 'Hubo reunión con Luisa y Lina, se estan trabajando en correcciones para finalizar la herramienta.', '2025-09-22', '2026-02-23 19:06:39', 70);
INSERT INTO advances (id, project_id, description, date, created_at, progress) VALUES (21, 5, 'Una vez recibida la info se trabajará en ello.', '2025-10-07', '2026-02-23 19:07:21', 40);
INSERT INTO advances (id, project_id, description, date, created_at, progress) VALUES (22, 4, 'Ya está el de EOR (lo quiere plano), se está trabajando en los de S&P faltan las fichas', '2025-08-04', '2026-02-23 19:08:15', 10);
INSERT INTO advances (id, project_id, description, date, created_at, progress) VALUES (23, 4, 'Pendiente recibir info de Luisa', '2025-08-11', '2026-02-23 19:08:50', 20);
INSERT INTO advances (id, project_id, description, date, created_at, progress) VALUES (24, 4, 'Pendiente recibir info de Luisa
Ana maría fichas', '2025-08-19', '2026-02-23 19:09:04', 20);
INSERT INTO advances (id, project_id, description, date, created_at, progress) VALUES (25, 4, 'Faltan las fichas con fotografías actualizadas', '2025-08-25', '2026-02-23 19:09:20', 30);
INSERT INTO advances (id, project_id, description, date, created_at, progress) VALUES (26, 4, 'Faltan las fichas con fotografías actualizadas', '2025-09-01', '2026-02-23 19:09:33', 30);
INSERT INTO advances (id, project_id, description, date, created_at, progress) VALUES (27, 4, 'Configurando el tema de aniversarios', '2025-09-08', '2026-02-23 19:09:53', 40);
INSERT INTO advances (id, project_id, description, date, created_at, progress) VALUES (28, 4, 'Plazo al 30 septiembre para recibir fichas personalizadas', '2025-09-22', '2026-02-23 19:10:23', 40);
INSERT INTO advances (id, project_id, description, date, created_at, progress) VALUES (30, 4, 'Una vez recibida la info se trabajará en ello.', '2025-10-07', '2026-02-23 19:10:57', 50);
INSERT INTO advances (id, project_id, description, date, created_at, progress) VALUES (31, 6, 'Edición', '2025-08-04', '2026-02-24 13:57:28', 25);
INSERT INTO advances (id, project_id, description, date, created_at, progress) VALUES (32, 6, 'Edición', '2025-08-19', '2026-02-24 13:57:43', 25);
INSERT INTO advances (id, project_id, description, date, created_at, progress) VALUES (33, 6, 'Edición', '2026-08-25', '2026-02-24 13:58:14', 50);
INSERT INTO advances (id, project_id, description, date, created_at, progress) VALUES (34, 6, 'Finalizado', '2025-09-01', '2026-02-24 13:58:37', 100);
INSERT INTO advances (id, project_id, description, date, created_at, progress) VALUES (35, 7, 'Yuly le escribirá a Germán', '2025-08-04', '2026-02-24 14:00:25', 30);
INSERT INTO advances (id, project_id, description, date, created_at, progress) VALUES (36, 7, 'Yuly le escribirá a Germán', '2025-08-11', '2026-02-24 14:00:33', 30);
INSERT INTO advances (id, project_id, description, date, created_at, progress) VALUES (37, 7, 'Se realiza 19/08 10 a.m', '2025-08-19', '2026-02-24 14:00:58', 50);
INSERT INTO advances (id, project_id, description, date, created_at, progress) VALUES (38, 7, 'Finalizado', '2025-09-01', '2026-02-24 14:01:19', 100);
INSERT INTO tickets (id, date, subject, description, priority, attachment, status, created_at) VALUES (6, '2026-02-23', 'p', 'p1', 'Media', NULL, 'Abierto', '2026-02-24 01:08:50');
INSERT INTO savings (id, project_id, amount, status, date, created_at, costo_mensual, costo_hora, tiempo_empleado_antes, tiempo_empleado_actual, tiempo_gestion_antes, tiempo_gestion_antes_tipo, tiempo_gestion_actual, tiempo_gestion_actual_tipo, total_antes, total_actual) VALUES (3, 4, 1177050, 'Realizado', '2025-08-31', '2026-02-24 16:02:40', 5700000, 31666.666666666668, 15, 5, 55.75, 'Anual', 18.58, 'Anual', 1765416.6666666667, 588366.6666666666);
INSERT INTO savings (id, project_id, amount, status, date, created_at, costo_mensual, costo_hora, tiempo_empleado_antes, tiempo_empleado_actual, tiempo_gestion_antes, tiempo_gestion_antes_tipo, tiempo_gestion_actual, tiempo_gestion_actual_tipo, total_antes, total_actual) VALUES (4, 21, 1332000, 'Realizado', '2025-08-25', '2026-02-24 16:04:18', 3000000, 16666.666666666668, 5, 1, 8.33, 'Mensual', 1.67, 'Mensual', 1666000, 334000);
INSERT INTO savings (id, project_id, amount, status, date, created_at, costo_mensual, costo_hora, tiempo_empleado_antes, tiempo_empleado_actual, tiempo_gestion_antes, tiempo_gestion_antes_tipo, tiempo_gestion_actual, tiempo_gestion_actual_tipo, total_antes, total_actual) VALUES (5, 5, 380000, 'Realizado', '2025-08-31', '2026-02-24 16:05:54', 5700000, 31666.666666666668, 120, 60, 2, 'Mensual', 1, 'Mensual', 760000, 380000);
INSERT INTO savings (id, project_id, amount, status, date, created_at, costo_mensual, costo_hora, tiempo_empleado_antes, tiempo_empleado_actual, tiempo_gestion_antes, tiempo_gestion_antes_tipo, tiempo_gestion_actual, tiempo_gestion_actual_tipo, total_antes, total_actual) VALUES (6, 52, 470000, 'Realizado', '2025-08-31', '2026-02-24 16:06:49', 4700000, 26111.11111111111, 90, 0, 1.5, 'Mensual', 0, 'Mensual', 470000, 0);
INSERT INTO savings (id, project_id, amount, status, date, created_at, costo_mensual, costo_hora, tiempo_empleado_antes, tiempo_empleado_actual, tiempo_gestion_antes, tiempo_gestion_antes_tipo, tiempo_gestion_actual, tiempo_gestion_actual_tipo, total_antes, total_actual) VALUES (8, 56, 440000, 'Realizado', '2025-08-31', '2026-02-24 16:09:40', 3300000, 18333.333333333332, 10, 4, 3.33, 'Mensual', 1.33, 'Mensual', 732600, 292600);
INSERT INTO savings (id, project_id, amount, status, date, created_at, costo_mensual, costo_hora, tiempo_empleado_antes, tiempo_empleado_actual, tiempo_gestion_antes, tiempo_gestion_antes_tipo, tiempo_gestion_actual, tiempo_gestion_actual_tipo, total_antes, total_actual) VALUES (9, 33, 840000, 'Realizado', '2025-12-31', '2026-02-24 16:11:24', 4200000, 23333.333333333332, 120, 30, 4, 'Mensual', 1, 'Mensual', 1120000, 280000);
INSERT INTO savings (id, project_id, amount, status, date, created_at, costo_mensual, costo_hora, tiempo_empleado_antes, tiempo_empleado_actual, tiempo_gestion_antes, tiempo_gestion_antes_tipo, tiempo_gestion_actual, tiempo_gestion_actual_tipo, total_antes, total_actual) VALUES (10, 32, 744444.5933333333, 'Realizado', '2025-05-31', '2026-02-24 16:12:18', 6700000, 37222.22222222222, 60, 10, 2, 'Mensual', 0.333333, 'Mensual', 893333.3333333333, 148888.74);
INSERT INTO savings (id, project_id, amount, status, date, created_at, costo_mensual, costo_hora, tiempo_empleado_antes, tiempo_empleado_actual, tiempo_gestion_antes, tiempo_gestion_antes_tipo, tiempo_gestion_actual, tiempo_gestion_actual_tipo, total_antes, total_actual) VALUES (11, 19, 3229166.8750000005, 'Proyectado', '2025-10-31', '2026-02-24 16:16:25', 5166667, 28703.705555555556, 25, 0, 10, 'Mensual', 0.625, 'Mensual', 3444444.666666667, 215277.7916666667);
INSERT INTO savings (id, project_id, amount, status, date, created_at, costo_mensual, costo_hora, tiempo_empleado_antes, tiempo_empleado_actual, tiempo_gestion_antes, tiempo_gestion_antes_tipo, tiempo_gestion_actual, tiempo_gestion_actual_tipo, total_antes, total_actual) VALUES (12, 9, 600000, 'Realizado', '2025-09-30', '2026-02-24 16:17:11', 3000000, 16666.666666666668, 6, 2, 4.5, 'Mensual', 1.5, 'Mensual', 900000, 300000);
INSERT INTO savings (id, project_id, amount, status, date, created_at, costo_mensual, costo_hora, tiempo_empleado_antes, tiempo_empleado_actual, tiempo_gestion_antes, tiempo_gestion_antes_tipo, tiempo_gestion_actual, tiempo_gestion_actual_tipo, total_antes, total_actual) VALUES (13, 43, 470000, 'Realizado', '2025-12-31', '2026-02-24 16:18:23', 4700000, 26111.11111111111, 60, 30, 3, 'Mensual', 1.5, 'Mensual', 940000, 470000);
INSERT INTO savings (id, project_id, amount, status, date, created_at, costo_mensual, costo_hora, tiempo_empleado_antes, tiempo_empleado_actual, tiempo_gestion_antes, tiempo_gestion_antes_tipo, tiempo_gestion_actual, tiempo_gestion_actual_tipo, total_antes, total_actual) VALUES (14, 14, 6266666.666666667, 'Realizado', '2026-02-01', '2026-02-24 16:20:09', 4700000, 26111.11111111111, 480, 80, 24, 'Mensual', 4, 'Mensual', 7520000, 1253333.3333333333);
INSERT INTO savings (id, project_id, amount, status, date, created_at, costo_mensual, costo_hora, tiempo_empleado_antes, tiempo_empleado_actual, tiempo_gestion_antes, tiempo_gestion_antes_tipo, tiempo_gestion_actual, tiempo_gestion_actual_tipo, total_antes, total_actual) VALUES (15, 54, 313333.3333333333, 'Proyectado', '2026-02-01', '2026-02-24 16:20:44', 4700000, 26111.11111111111, 15, 0, 1, 'Mensual', 0, 'Mensual', 313333.3333333333, 0);
INSERT INTO savings (id, project_id, amount, status, date, created_at, costo_mensual, costo_hora, tiempo_empleado_antes, tiempo_empleado_actual, tiempo_gestion_antes, tiempo_gestion_antes_tipo, tiempo_gestion_actual, tiempo_gestion_actual_tipo, total_antes, total_actual) VALUES (16, 40, 566666.0000000001, 'Realizado', '2025-12-31', '2026-02-24 16:22:34', 3000000, 16666.666666666668, 20, 3, 3.33333, 'Mensual', 0.5, 'Mensual', 666666.0000000001, 100000);
INSERT INTO savings (id, project_id, amount, status, date, created_at, costo_mensual, costo_hora, tiempo_empleado_antes, tiempo_empleado_actual, tiempo_gestion_antes, tiempo_gestion_antes_tipo, tiempo_gestion_actual, tiempo_gestion_actual_tipo, total_antes, total_actual) VALUES (17, 41, 27777.77777777778, 'Realizado', '2026-02-01', '2026-02-24 16:23:48', 4000000, 22222.222222222223, 90, 15, 1.5, 'Anual', 0.25, 'Anual', 33333.333333333336, 5555.555555555556);
INSERT INTO savings (id, project_id, amount, status, date, created_at, costo_mensual, costo_hora, tiempo_empleado_antes, tiempo_empleado_actual, tiempo_gestion_antes, tiempo_gestion_antes_tipo, tiempo_gestion_actual, tiempo_gestion_actual_tipo, total_antes, total_actual) VALUES (18, 57, 87777.77666666664, 'Realizado', '2026-02-01', '2026-02-24 16:25:41', 60000000, 333333.3333333333, 20, 4, 0.33333333, 'Anual', 0.07, 'Anual', 111111.10999999999, 23333.333333333336);
